match_id,player_id,team_player_id,trackable_object,team_id,team_name,shirt_number,player_short_name,first_name,last_name,position_group,role_name,role_acronym,minutes_played,minutes_played_regular,start_frame,end_frame,start_time,end_time,started,yellow_card,red_card,goals,own_goals,injured,birthday,gender
2017461,795521,1564070,797084,868,Melbourne Victory Football Club,23,A. Badolato,Alexander,Badolato,Wide Attacker,Right Winger,RW,13.05,13.05,62590.0,70419.0,01:23:12,,False,0,0,0,0,False,2005-02-23,male
2017461,965685,1507975,967248,4177,Auckland FC,14,L. Gillion,Liam ,Gillion,Wide Attacker,Left Winger,LW,33.9,33.9,50080.0,70419.0,01:02:21,,False,0,0,0,0,False,2002-10-17,male
2017461,31147,1507955,32245,4177,Auckland FC,5,T. Smith,Tommy,Smith,Central Defender,Center Back,CB,21.35,21.35,57610.0,70419.0,01:14:54,,False,0,0,0,0,False,1990-03-31,male
2017461,50955,72948,52081,868,Melbourne Victory Football Club,17,N. Velupillay,Nishan,Velupillay,Wide Attacker,Left Winger,LW,84.36,84.36,2510.0,62589.0,00:00:00,01:23:12,True,0,0,0,0,False,2001-05-07,male
2017461,23418,1507957,24342,4177,Auckland FC,28,F. Gallegos,Luis Felipe,Gallegos Leiva,Midfield,Left Midfield,LM,80.82,80.82,2510.0,60459.0,00:00:00,01:19:39,True,0,0,0,0,False,1991-12-03,male
2017461,50951,1507963,52077,4177,Auckland FC,22,J. Brimmer,Jake,Brimmer,Midfield,Left Midfield,LM,16.6,16.6,60460.0,70419.0,01:19:39,,False,0,0,0,0,False,1998-04-03,male
2017461,133498,1507956,135053,4177,Auckland FC,15,F. De Vries,Francis,De Vries,Full Back,Left Back,LB,80.82,80.82,2510.0,60459.0,00:00:00,01:19:39,True,0,0,0,0,False,1994-11-28,male
2017461,51713,1507968,52839,4177,Auckland FC,17,C. Elliott,Callan,Elliot,Full Back,Left Wing Back,LWB,16.6,16.6,60460.0,70419.0,01:19:39,,False,0,0,0,0,False,1999-07-07,male
2017461,133501,1507961,135056,4177,Auckland FC,27,L. Rogerson,Logan,Rogerson,Wide Attacker,Right Winger,RW,76.06,76.06,2510.0,57609.0,00:00:00,01:14:54,True,0,0,1,0,False,1998-05-28,male
2017461,582974,1521584,584531,4177,Auckland FC,11,M. Francois,Marlee,Francois,Wide Attacker,Left Winger,LW,63.52,63.52,2510.0,50079.0,00:00:00,01:02:21,True,1,0,0,0,False,2002-12-29,male
2017461,43829,1507969,44955,4177,Auckland FC,25,N. Moreno,Neyder Stiven,Moreno Betancur,Center Forward,Center Forward,CF,33.9,33.9,50080.0,70419.0,01:02:21,,False,0,0,0,0,False,1997-02-09,male
2017461,624628,1507972,626185,4177,Auckland FC,21,J. Randall,Jesse,Randall,Center Forward,Center Forward,CF,63.52,63.52,2510.0,50079.0,00:00:00,01:02:21,True,0,0,0,0,False,2002-08-19,male
2017461,11117,1204867,11127,868,Melbourne Victory Football Club,8,Z. Machach,Zinédine,Machach,Midfield,Attacking Midfield,AM,84.36,84.36,2510.0,62589.0,00:00:00,01:23:12,True,0,0,0,0,False,1996-01-05,male
2017461,51714,1494841,52840,868,Melbourne Victory Football Club,27,R. Piscopo,Reno,Piscopo,Midfield,Attacking Midfield,AM,13.05,13.05,62590.0,70419.0,01:23:12,,False,0,0,0,0,False,1998-05-27,male
2017461,745320,1494844,746883,868,Melbourne Victory Football Club,11,Clarismario Rodrigues,Clarismario,Santos Rodrigues,Wide Attacker,Left Winger,LW,27.18,27.18,54110.0,70419.0,01:09:04,,False,0,0,0,0,False,2001-07-27,male
2017461,50979,828153,52105,868,Melbourne Victory Football Club,10,B. Fornaroli,Bruno,Fornaroli Mezza,Center Forward,Center Forward,CF,27.18,27.18,54110.0,70419.0,01:09:04,,False,0,0,0,0,False,1987-09-07,male
2017461,50977,1494845,52103,868,Melbourne Victory Football Club,22,J. Rawlins,Joshua,Rawlins,Central Defender,Right Center Back,RCB,38.43,38.43,47360.0,70419.0,00:57:49,,False,0,0,0,0,False,2004-04-23,male
2017461,14355,1507962,14552,4177,Auckland FC,1,M. Woud,Michael,Woud,Other,Substitute,SUB,0.0,0.0,,,,,False,0,0,0,0,False,1999-01-16,male
2017461,133495,1507959,135050,4177,Auckland FC,7,C. Howieson,Cameron Drew,Howieson,Other,Substitute,SUB,0.0,0.0,,,,,False,0,0,0,0,False,1994-12-22,male
2017461,33697,1507971,34805,4177,Auckland FC,4,N. Pijnaker,Nando,Pijnaker,Central Defender,Left Center Back,LCB,97.42,97.42,2510.0,70419.0,00:00:00,,True,0,0,0,0,False,1999-02-25,male
2017461,14736,1507966,14933,4177,Auckland FC,6,L. Verstraete,Louis,Verstraete,Midfield,Right Midfield,RM,97.42,97.42,2510.0,70419.0,00:00:00,,True,0,0,0,0,False,1999-05-04,male
2017461,4322,1507958,4332,4177,Auckland FC,2,H. Sakai,Hiroki,Sakai,Full Back,Right Back,RB,97.42,97.42,2510.0,70419.0,00:00:00,,True,0,0,0,0,False,1990-04-12,male
2017461,38673,1507965,39794,4177,Auckland FC,10,G. May,Guillermo Luis,May Bartesaghi,Center Forward,Center Forward,CF,97.42,97.42,2510.0,70419.0,00:00:00,,True,0,0,0,0,False,1998-03-11,male
2017461,51667,1507974,52793,4177,Auckland FC,23,D. Hall,Daniel,Hall,Central Defender,Right Center Back,RCB,97.42,97.42,2510.0,70419.0,00:00:00,,True,0,0,0,0,False,1999-06-14,male
2017461,285188,1507970,286745,4177,Auckland FC,12,A. Paulsen,Alex Noah,Paulsen,Other,Goalkeeper,GK,97.42,97.42,2510.0,70419.0,00:00:00,,True,0,0,0,0,False,2002-07-04,male
2017461,1008911,1574774,1010474,868,Melbourne Victory Football Club,38,L. Didulica,Luka,Didulica,Other,Substitute,SUB,0.0,0.0,,,,,False,0,0,0,0,False,2007-09-18,male
2017461,795504,1204868,797067,868,Melbourne Victory Football Club,40,C. Siciliano,Christian,Siciliano,Other,Substitute,SUB,0.0,0.0,,,,,False,0,0,0,0,False,2003-07-11,male
2017461,157294,1204866,158849,868,Melbourne Victory Football Club,6,R. Teague,Ryan Graham Pun,Teague,Midfield,Right Defensive Midfield,RDM,97.42,97.42,2510.0,70419.0,00:00:00,,True,0,0,0,0,False,2002-01-24,male
2017461,51685,1559297,52811,868,Melbourne Victory Football Club,4,L. Jackson,Lachlan,Jackson,Central Defender,Left Center Back,LCB,97.42,97.42,2510.0,70419.0,00:00:00,,True,1,0,0,0,False,1995-03-12,male
2017461,811820,1239268,813383,868,Melbourne Victory Football Club,28,K. Bos,Kasey,Bos,Full Back,Left Back,LB,97.42,97.42,2510.0,70419.0,00:00:00,,True,0,0,0,0,False,2004-05-08,male
2017461,159688,1227840,161243,868,Melbourne Victory Football Club,14,J. Valadon,Jordi,Valadon,Midfield,Left Defensive Midfield,LDM,97.42,97.42,2510.0,70419.0,00:00:00,,True,0,0,0,0,False,2003-03-04,male
2017461,800322,1216250,801885,868,Melbourne Victory Football Club,16,J. Inserra,Joshua,Inserra,Full Back,Right Back,RB,97.42,97.42,2510.0,70419.0,00:00:00,,True,0,0,0,0,False,2005-01-21,male
2017461,51678,1494842,52804,868,Melbourne Victory Football Club,25,J. Duncan,Jack,Duncan,Other,Goalkeeper,GK,97.42,97.42,2510.0,70419.0,00:00:00,,True,0,0,0,0,False,1993-04-19,male
2017461,29075,1494847,30159,868,Melbourne Victory Football Club,9,N. Vergos,Nikolaos,Vergos,Center Forward,Center Forward,CF,70.23,70.23,2510.0,54109.0,00:00:00,01:09:04,True,0,0,0,0,False,1996-01-13,male
2017461,11885,1204865,11992,868,Melbourne Victory Football Club,7,D. Arzani,Daniel,Arzani,Wide Attacker,Right Winger,RW,70.23,70.23,2510.0,54109.0,00:00:00,01:09:04,True,0,0,0,0,False,1999-01-04,male
2017461,51013,177100,52139,868,Melbourne Victory Football Club,5,B. Hamill,Brendan,Hamill,Central Defender,Right Center Back,RCB,58.98,58.98,2510.0,47359.0,00:00:00,00:57:49,True,0,0,0,0,False,1992-09-18,male
2015213,51713,1507968,52839,4177,Auckland FC,17,C. Elliott,Callan,Elliot,Full Back,Right Back,RB,51.78,51.78,40280.0,71349.0,00:48:03,,False,0,0,0,0,False,1999-07-07,male
2015213,38673,1507965,39794,4177,Auckland FC,10,G. May,Guillermo Luis,May Bartesaghi,Center Forward,Center Forward,CF,99.83,99.83,2210.0,71349.0,00:00:00,,True,0,0,0,0,False,1998-03-11,male
2015213,795527,1204918,797090,1803,Western United,10,M. Grimaldi,Matthew,Grimaldi,Wide Attacker,Left Winger,LW,88.12,88.12,2210.0,64319.0,00:00:00,01:25:04,True,0,0,0,0,False,2003-11-28,male
2015213,51008,73015,52134,1803,Western United,6,T. Imai,Tomoki,Imai,Full Back,Right Back,RB,99.83,99.83,2210.0,71349.0,00:00:00,,True,0,0,0,0,False,1990-11-29,male
2015213,809670,1233131,811233,1803,Western United,44,J. Lauton,Jordan,Lauton,Midfield,Right Midfield,RM,51.78,51.78,40280.0,71349.0,00:45:00,,False,0,0,0,0,False,2003-04-01,male
2015213,560917,828228,562474,1803,Western United,23,R. Bozinovski,Rhys,Bozinovski,Midfield,Right Midfield,RM,48.05,48.05,2210.0,31039.0,00:00:00,00:45:00,True,0,0,0,0,False,2004-07-03,male
2015213,818284,1256018,819847,1803,Western United,5,O. Lavale,Oliver,Lavale,Center Forward,Center Forward,CF,25.56,25.56,56010.0,71349.0,01:11:13,,False,0,0,1,0,False,2005-04-05,male
2015213,795529,1204921,797092,1803,Western United,24,M. Ruhs,Michael,Ruhs,Center Forward,Center Forward,CF,74.26,74.26,2210.0,56009.0,00:00:00,01:11:13,True,1,0,1,0,False,2002-08-27,male
2015213,31147,1507955,32245,4177,Auckland FC,5,T. Smith,Tommy,Smith,Central Defender,Left Center Back,LCB,16.33,16.33,61550.0,71349.0,01:20:27,,False,0,0,0,0,False,1990-03-31,male
2015213,624628,1507972,626185,4177,Auckland FC,21,J. Randall,Jesse,Randall,Center Forward,Center Forward,CF,27.58,27.58,54800.0,71349.0,01:09:12,,False,0,0,1,0,False,2002-08-19,male
2015213,43829,1507969,44955,4177,Auckland FC,25,N. Moreno,Neyder Stiven,Moreno Betancur,Wide Attacker,Left Winger,LW,51.78,51.78,40280.0,71349.0,00:48:03,,False,0,0,1,0,False,1997-02-09,male
2015213,50951,1507963,52077,4177,Auckland FC,22,J. Brimmer,Jake,Brimmer,Midfield,Left Midfield,LM,51.78,51.78,40280.0,71349.0,00:48:03,,False,0,0,0,0,False,1998-04-03,male
2015213,51690,1204922,52816,1803,Western United,7,R. Najjarine,Ramy,Najjarine,Wide Attacker,Right Winger,RW,11.72,11.72,64320.0,71349.0,01:25:04,,False,0,0,0,0,False,2000-04-23,male
2015213,810406,1235262,811969,1803,Western United,29,C. Shamoon,Charbel,Shamoon,Full Back,Right Back,RB,14.16,14.16,62850.0,71349.0,01:22:37,,False,0,0,0,0,False,2004-02-10,male
2015213,818554,1256633,820117,1803,Western United,20,A. Walatee,Abel,Walatee,Wide Attacker,Left Winger,LW,25.56,25.56,56010.0,71349.0,01:11:13,,False,1,0,0,0,False,2004-02-22,male
2015213,14355,1507962,14552,4177,Auckland FC,1,M. Woud,Michael,Woud,Other,Substitute,SUB,0.0,0.0,,,,,False,0,0,0,0,False,1999-01-16,male
2015213,133495,1507959,135050,4177,Auckland FC,7,C. Howieson,Cameron Drew,Howieson,Other,Substitute,SUB,0.0,0.0,,,,,False,0,0,0,0,False,1994-12-22,male
2015213,14736,1507966,14933,4177,Auckland FC,6,L. Verstraete,Louis,Verstraete,Midfield,Right Midfield,RM,99.83,99.83,2210.0,71349.0,00:00:00,,True,0,0,0,0,False,1999-05-04,male
2015213,133501,1507961,135056,4177,Auckland FC,27,L. Rogerson,Logan,Rogerson,Wide Attacker,Right Winger,RW,99.83,99.83,2210.0,71349.0,00:00:00,,True,0,0,0,0,False,1998-05-28,male
2015213,4322,1507958,4332,4177,Auckland FC,2,H. Sakai,Hiroki,Sakai,Full Back,Right Back,RB,99.83,99.83,2210.0,71349.0,00:00:00,,True,0,0,0,0,False,1990-04-12,male
2015213,51667,1507974,52793,4177,Auckland FC,23,D. Hall,Daniel,Hall,Central Defender,Right Center Back,RCB,99.83,99.83,2210.0,71349.0,00:00:00,,True,0,0,0,0,False,1999-06-14,male
2015213,285188,1507970,286745,4177,Auckland FC,12,A. Paulsen,Alex Noah,Paulsen,Other,Goalkeeper,GK,99.83,99.83,2210.0,71349.0,00:00:00,,True,0,0,0,0,False,2002-07-04,male
2015213,33697,1507971,34805,4177,Auckland FC,4,N. Pijnaker,Nando,Pijnaker,Central Defender,Left Center Back,LCB,83.5,83.5,2210.0,61549.0,00:00:00,01:20:27,True,0,0,0,0,False,1999-02-25,male
2015213,163972,1507964,165527,4177,Auckland FC,9,M. Mata,Max,Mata,Center Forward,Center Forward,CF,72.25,72.25,2210.0,54799.0,00:00:00,01:09:12,True,0,0,0,0,False,2000-07-10,male
2015213,582974,1521584,584531,4177,Auckland FC,11,M. Francois,Marlee,Francois,Wide Attacker,Left Winger,LW,48.05,48.05,2210.0,31039.0,00:00:00,00:48:03,True,0,0,0,0,False,2002-12-29,male
2015213,23418,1507957,24342,4177,Auckland FC,28,F. Gallegos,Luis Felipe,Gallegos Leiva,Midfield,Left Midfield,LM,48.05,48.05,2210.0,31039.0,00:00:00,00:48:03,True,0,0,0,0,False,1991-12-03,male
2015213,133498,1507956,135053,4177,Auckland FC,15,F. De Vries,Francis,De Vries,Full Back,Left Back,LB,48.05,48.05,2210.0,31039.0,00:00:00,00:48:03,True,1,0,0,0,False,1994-11-28,male
2015213,811891,1239534,813454,1803,Western United,70,M. Vonja,Michael,Vonja,Other,Substitute,SUB,0.0,0.0,,,,,False,0,0,0,0,False,2006-01-12,male
2015213,811052,1236800,812615,1803,Western United,37,L. Vickery,Luke,Vickery,Other,Substitute,SUB,0.0,0.0,,,,,False,0,0,0,0,False,2005-10-25,male
2015213,560916,828226,562473,1803,Western United,19,N. Botić,Noah,Botić,Center Forward,Center Forward,CF,99.83,99.83,2210.0,71349.0,00:00:00,,True,0,0,1,0,False,2002-01-11,male
2015213,159946,1204919,161501,1803,Western United,33,M. Sutton,Matthew,Sutton,Other,Goalkeeper,GK,99.83,99.83,2210.0,71349.0,00:00:00,,True,0,0,0,0,False,2000-03-07,male
2015213,23883,1235261,24840,1803,Western United,4,J. Donachie,James,Donachie,Central Defender,Right Center Back,RCB,99.83,99.83,2210.0,71349.0,00:00:00,,True,0,0,0,0,False,1993-05-14,male
2015213,957737,1496514,959300,1803,Western United,30,D. Leonard,Dylan,Leonard,Central Defender,Left Center Back,LCB,99.83,99.83,2210.0,71349.0,00:00:00,,True,0,0,0,0,False,2007-08-30,male
2015213,23922,828220,24880,1803,Western United,17,B. Garuccio,Ben,Garuccio,Full Back,Left Back,LB,99.83,99.83,2210.0,71349.0,00:00:00,,True,0,0,0,0,False,1995-06-15,male
2015213,51675,1204914,52801,1803,Western United,32,A. Thurgate,Angus,Thurgate,Midfield,Left Midfield,LM,85.66,85.66,2210.0,62849.0,00:00:00,01:22:37,True,1,0,1,0,False,2000-02-08,male
2015213,26844,1204913,27926,1803,Western United,77,R. Danzaki,Riku,Danzaki,Wide Attacker,Right Winger,RW,74.26,74.26,2210.0,56009.0,00:00:00,01:11:13,True,0,0,0,0,False,2000-05-31,male
2013725,813317,1243940,814880,869,Sydney Football Club,20,T. Quintal,Tiago,Quintal,Midfield,Attacking Midfield,AM,11.86,11.86,62740.0,69859.0,01:21:18,,False,0,0,0,0,False,2006-06-16,male
2013725,998256,1555872,999819,869,Sydney Football Club,42,K. Shaw,Kyle Reilly ,Shaw,Central Defender,Left Center Back,LCB,32.42,32.42,50410.0,69859.0,01:00:45,,False,1,0,0,0,False,2004-09-07,male
2013725,25534,1460452,26580,869,Sydney Football Club,8,A. Ouahim,Anas,Ouahim,Wide Attacker,Left Winger,LW,32.42,32.42,50410.0,69859.0,01:00:45,,False,0,0,0,0,False,1997-09-23,male
2013725,51690,1204922,52816,1803,Western United,7,R. Najjarine,Ramy,Najjarine,Wide Attacker,Right Winger,RW,6.83,6.83,65760.0,69859.0,01:26:20,,False,0,0,0,0,False,2000-04-23,male
2013725,809670,1233131,811233,1803,Western United,44,J. Lauton,Jordan,Lauton,Midfield,Right Midfield,RM,18.72,18.72,58630.0,69859.0,01:14:27,,False,1,0,0,0,False,2003-04-01,male
2013725,810406,1235262,811969,1803,Western United,29,C. Shamoon,Charbel,Shamoon,Full Back,Right Back,RB,18.72,18.72,58630.0,69859.0,01:14:27,,False,0,0,0,0,False,2004-02-10,male
2013725,818554,1256633,820117,1803,Western United,20,A. Walatee,Abel,Walatee,Wide Attacker,Left Winger,LW,18.72,18.72,58630.0,69859.0,01:14:27,,False,0,0,0,0,False,2004-02-22,male
2013725,818284,1256018,819847,1803,Western United,5,O. Lavale,Oliver,Lavale,Center Forward,Center Forward,CF,23.43,23.43,55800.0,69859.0,01:09:44,,False,0,0,0,0,False,2005-04-05,male
2013725,966307,1508754,967870,869,Sydney Football Club,37,W. Kennedy,Will,Kennedy,Other,Substitute,SUB,0.0,0.0,,,,,False,0,0,0,0,False,2005-02-14,male
2013725,1000644,1561284,1002207,869,Sydney Football Club,36,M. Macallister,Mathias,Macallister,Other,Substitute,SUB,0.0,0.0,,,,,False,0,0,0,0,False,2007-04-12,male
2013725,796478,1207310,798041,869,Sydney Football Club,29,J. Lacey,Joseph ,Lacey ,Other,Substitute,SUB,0.0,0.0,,,,,False,0,0,0,0,False,,male
2013725,51047,73060,52173,869,Sydney Football Club,1,A. Redmayne,Andrew,Redmayne,Other,Substitute,SUB,0.0,0.0,,,,,False,0,0,0,0,False,1989-01-13,male
2013725,795544,1204962,797107,869,Sydney Football Club,24,W. Kamijo,Wataru,Kamijo,Midfield,Right Midfield,RM,94.65,94.65,4040.0,69859.0,00:00:00,,True,1,0,0,0,False,2006-04-17,male
2013725,51644,74001,52770,869,Sydney Football Club,23,R. Grant,Rhyan,Grant,Full Back,Right Wing Back,RWB,94.65,94.65,4040.0,69859.0,00:00:00,,True,0,0,0,0,False,1991-02-26,male
2013725,51000,1204957,52126,869,Sydney Football Club,4,J. Courtney-Perkins,Jordan,Courtney-Perkins,Central Defender,Left Center Back,LCB,94.65,94.65,4040.0,69859.0,00:00:00,,True,0,0,0,0,False,2002-11-06,male
2013725,931987,1460448,933550,869,Sydney Football Club,12,H. Devenish-Meares,Harrison,Devenish-Meares,Other,Goalkeeper,GK,94.65,94.65,4040.0,69859.0,00:00:00,,True,0,0,0,0,False,1996-10-27,male
2013725,2858,1460450,2868,869,Sydney Football Club,11,Douglas Costa,Douglas ,Costa de Souza,Center Forward,Center Forward,CF,94.65,94.65,4040.0,69859.0,00:00:00,,True,0,0,0,0,False,1990-09-14,male
2013725,133854,181672,135409,869,Sydney Football Club,7,A. Segecic,Adrian,Segecic,Wide Attacker,Left Winger,LW,94.65,94.65,4040.0,69859.0,00:00:00,,True,0,0,0,0,False,2004-06-01,male
2013725,560894,1460454,562451,869,Sydney Football Club,41,A. Popovic,Alexandar,Popovic,Central Defender,Right Center Back,RCB,94.65,94.65,4040.0,69859.0,00:00:00,,True,1,0,0,0,False,2002-09-07,male
2013725,51045,73058,52171,869,Sydney Football Club,17,A. Cáceres,Anthony,Cáceres,Midfield,Left Midfield,LM,94.65,94.65,4040.0,69859.0,00:00:00,,True,0,0,0,0,False,1992-09-29,male
2013725,51048,73061,52174,869,Sydney Football Club,16,J. King,Joel,Bruce King,Central Defender,Center Back,CB,82.78,82.78,4040.0,62739.0,00:00:00,01:21:18,True,0,0,0,0,False,2000-10-30,male
2013725,18573,1204956,18770,869,Sydney Football Club,10,J. Lolley,Joe,Lolley,Full Back,Left Wing Back,LWB,62.23,62.23,4040.0,50409.0,00:00:00,01:00:45,True,0,0,0,0,False,1992-08-25,male
2013725,133853,181671,135408,869,Sydney Football Club,25,J. Kucharski,Jaiden,Kucharski,Wide Attacker,Right Winger,RW,62.23,62.23,4040.0,50409.0,00:00:00,01:00:45,True,0,0,0,0,False,2002-06-25,male
2013725,811891,1239534,813454,1803,Western United,70,M. Vonja,Michael,Vonja,Other,Substitute,SUB,0.0,0.0,,,,,False,0,0,0,0,False,2006-01-12,male
2013725,811052,1236800,812615,1803,Western United,37,L. Vickery,Luke,Vickery,Other,Substitute,SUB,0.0,0.0,,,,,False,0,0,0,0,False,2005-10-25,male
2013725,560916,828226,562473,1803,Western United,19,N. Botić,Noah,Botić,Center Forward,Center Forward,CF,94.65,94.65,4040.0,69859.0,00:00:00,,True,0,0,0,0,False,2002-01-11,male
2013725,159946,1204919,161501,1803,Western United,33,M. Sutton,Matthew,Sutton,Other,Goalkeeper,GK,94.65,94.65,4040.0,69859.0,00:00:00,,True,0,0,0,0,False,2000-03-07,male
2013725,23883,1235261,24840,1803,Western United,4,J. Donachie,James,Donachie,Central Defender,Right Center Back,RCB,94.65,94.65,4040.0,69859.0,00:00:00,,True,0,0,0,0,False,1993-05-14,male
2013725,957737,1496514,959300,1803,Western United,30,D. Leonard,Dylan,Leonard,Central Defender,Left Center Back,LCB,94.65,94.65,4040.0,69859.0,00:00:00,,True,0,0,0,0,False,2007-08-30,male
2013725,23922,828220,24880,1803,Western United,17,B. Garuccio,Ben,Garuccio,Full Back,Left Back,LB,94.65,94.65,4040.0,69859.0,00:00:00,,True,1,0,0,0,False,1995-06-15,male
2013725,51675,1204914,52801,1803,Western United,32,A. Thurgate,Angus,Thurgate,Midfield,Left Midfield,LM,94.65,94.65,4040.0,69859.0,00:00:00,,True,0,0,0,0,False,2000-02-08,male
2013725,26844,1204913,27926,1803,Western United,77,R. Danzaki,Riku,Danzaki,Wide Attacker,Left Winger,LW,87.82,87.82,4040.0,65759.0,00:00:00,01:26:20,True,1,0,0,0,False,2000-05-31,male
2013725,51008,73015,52134,1803,Western United,6,T. Imai,Tomoki,Imai,Full Back,Right Back,RB,75.93,75.93,4040.0,58629.0,00:00:00,01:14:27,True,0,0,0,0,False,1990-11-29,male
2013725,560917,828228,562474,1803,Western United,23,R. Bozinovski,Rhys,Bozinovski,Midfield,Right Midfield,RM,75.93,75.93,4040.0,58629.0,00:00:00,01:14:27,True,0,0,0,0,False,2004-07-03,male
2013725,795527,1204918,797090,1803,Western United,10,M. Grimaldi,Matthew,Grimaldi,Wide Attacker,Right Winger,RW,75.93,75.93,4040.0,58629.0,00:00:00,01:14:27,True,0,0,1,0,False,2003-11-28,male
2013725,795529,1204921,797092,1803,Western United,24,M. Ruhs,Michael,Ruhs,Center Forward,Center Forward,CF,71.22,71.22,4040.0,55799.0,00:00:00,01:09:44,True,0,0,0,0,False,2002-08-27,male
2011166,50979,828153,52105,868,Melbourne Victory Football Club,10,B. Fornaroli,Bruno,Fornaroli Mezza,Center Forward,Center Forward,CF,15.7,15.7,61970.0,71389.0,01:19:48,,False,0,0,0,0,False,1987-09-07,male
2011166,799092,1214315,800655,867,Wellington Phoenix FC,27,M. Sheridan,Matthew,Sheridan,Midfield,Left Midfield,LM,58.68,58.68,2300.0,47309.0,00:00:00,00:55:22,True,0,0,0,0,False,2004-05-09,male
2011166,799453,1496508,801016,867,Wellington Phoenix FC,41,N. Walker,Nathan,Walker,Midfield,Attacking Midfield,AM,16.72,16.72,61360.0,71389.0,01:18:47,,False,0,0,0,0,False,2006-01-30,male
2011166,795521,1564070,797084,868,Melbourne Victory Football Club,23,A. Badolato,Alexander,Badolato,Wide Attacker,Right Winger,RW,30.76,30.76,52930.0,71389.0,01:04:44,,False,0,0,0,0,False,2005-02-23,male
2011166,11117,1204867,11127,868,Melbourne Victory Football Club,8,Z. Machach,Zinédine,Machach,Midfield,Attacking Midfield,AM,98.82,98.82,2300.0,71389.0,00:00:00,,True,0,0,1,0,False,1996-01-05,male
2011166,957734,1496509,959297,867,Wellington Phoenix FC,3,C. Piper,Corban,Piper,Midfield,Right Midfield,RM,98.82,98.82,2300.0,71389.0,00:00:00,,True,0,0,1,0,False,2002-09-10,male
2011166,51015,73025,52141,867,Wellington Phoenix FC,14,A. Rufer,Alex,Rufer,Midfield,Defensive Midfield,DM,98.82,98.82,2300.0,71389.0,00:00:00,,True,0,0,0,0,False,1996-06-12,male
2011166,29075,1494847,30159,868,Melbourne Victory Football Club,9,N. Vergos,Nikolaos,Vergos,Center Forward,Center Forward,CF,83.12,83.12,2300.0,61969.0,00:00:00,01:19:48,True,0,0,1,0,False,1996-01-13,male
2011166,50955,72948,52081,868,Melbourne Victory Football Club,17,N. Velupillay,Nishan,Velupillay,Wide Attacker,Left Winger,LW,98.82,98.82,2300.0,71389.0,00:00:00,,True,0,0,1,0,False,2001-05-07,male
2011166,51714,1494841,52840,868,Melbourne Victory Football Club,27,R. Piscopo,Reno,Piscopo,Midfield,Attacking Midfield,AM,24.03,24.03,47550.0,61969.0,00:55:46,01:19:48,False,0,0,0,0,False,1998-05-27,male
2011166,698137,1204936,699700,867,Wellington Phoenix FC,15,I. Hughes,Isaac,Hughes,Central Defender,Right Center Back,RCB,90.08,90.08,2300.0,66149.0,00:00:00,01:26:46,True,0,0,0,0,False,2004-03-25,male
2011166,698142,1204968,699705,867,Wellington Phoenix FC,5,F. Conchie,Fin,Conchie,Midfield,Left Midfield,LM,8.73,8.73,66150.0,71389.0,01:26:46,,False,0,0,0,0,False,2003-08-10,male
2011166,9175,177106,9185,868,Melbourne Victory Football Club,21,Roderick Miranda,Roderick Jefferson,Gonçalves Miranda,Central Defender,Right Center Back,RCB,68.05,68.05,2300.0,52929.0,00:00:00,01:04:44,True,0,0,0,0,False,1991-03-30,male
2011166,23909,21865,24867,867,Wellington Phoenix FC,7,K. Barbarouses,Kosta,Barbarouses,Center Forward,Center Forward,CF,98.82,98.82,2300.0,71389.0,00:00:00,,True,0,0,0,0,False,1990-02-19,male
2011166,51013,177100,52139,868,Melbourne Victory Football Club,5,B. Hamill,Brendan,Hamill,Central Defender,Right Center Back,RCB,30.76,30.76,52930.0,71389.0,01:04:44,,False,1,0,0,0,False,1992-09-18,male
2011166,51685,1559297,52811,868,Melbourne Victory Football Club,4,L. Jackson,Lachlan,Jackson,Central Defender,Left Center Back,LCB,98.82,98.82,2300.0,71389.0,00:00:00,,True,1,0,0,0,False,1995-03-12,male
2011166,51017,73028,52143,867,Wellington Phoenix FC,6,T. Payne,Tim,Payne,Full Back,Right Back,RB,98.82,98.82,2300.0,71389.0,00:00:00,,True,0,0,0,0,False,1994-01-10,male
2011166,796012,1206138,797575,868,Melbourne Victory Football Club,18,F. Monge,Fabian,Monge,Midfield,Right Defensive Midfield,RDM,15.7,15.7,61970.0,71389.0,01:19:48,,False,0,0,0,0,False,2001-06-12,male
2011166,51046,1511560,52172,867,Wellington Phoenix FC,8,P. Retre,Paulo,Retre,Midfield,Attacking Midfield,AM,23.42,23.42,47310.0,61359.0,00:55:22,01:18:47,False,0,0,1,0,False,1993-03-04,male
2011166,157294,1204866,158849,868,Melbourne Victory Football Club,6,R. Teague,Ryan Graham Pun,Teague,Midfield,Right Defensive Midfield,RDM,59.08,59.08,2300.0,47549.0,00:00:00,00:55:46,True,0,0,0,0,False,2002-01-24,male
2011166,159688,1227840,161243,868,Melbourne Victory Football Club,14,J. Valadon,Jordi,Valadon,Midfield,Left Defensive Midfield,LDM,98.82,98.82,2300.0,71389.0,00:00:00,,True,0,0,0,0,False,2003-03-04,male
2011166,11885,1204865,11992,868,Melbourne Victory Football Club,7,D. Arzani,Daniel,Arzani,Wide Attacker,Right Winger,RW,68.05,68.05,2300.0,52929.0,00:00:00,01:04:44,True,0,0,0,0,False,1999-01-04,male
2011166,50977,1494845,52103,868,Melbourne Victory Football Club,22,J. Rawlins,Joshua,Rawlins,Full Back,Right Back,RB,98.82,98.82,2300.0,71389.0,00:00:00,,True,0,0,0,0,False,2004-04-23,male
2011166,698141,1204927,699704,867,Wellington Phoenix FC,18,L. Kelly-Heald,Lukas,Kelly-Heald,Midfield,Left Midfield,LM,40.13,40.13,47310.0,71389.0,00:55:22,,False,0,0,0,0,False,2005-03-18,male
2011166,27003,1496507,28085,867,Wellington Phoenix FC,25,K. Nagasawa,Kazuki,Nagasawa,Midfield,Attacking Midfield,AM,58.68,58.68,2300.0,47309.0,00:00:00,00:55:22,True,0,0,0,0,False,1991-12-16,male
2011166,972687,1518242,974250,867,Wellington Phoenix FC,29,L. Brooke-Smith,Luke,Brooke-Smith,Midfield,Attacking Midfield,AM,40.13,40.13,47310.0,71389.0,00:55:22,,False,0,0,0,0,False,2008-06-06,male
2011166,26969,1496505,28051,867,Wellington Phoenix FC,9,H. Ishige,Hideki,Ishige,Midfield,Attacking Midfield,AM,58.68,58.68,2300.0,47309.0,00:00:00,00:55:22,True,0,0,0,0,False,1994-09-21,male
2011166,800322,1216250,801885,868,Melbourne Victory Football Club,16,J. Inserra,Joshua,Inserra,Other,Substitute,SUB,0.0,0.0,,,,,False,0,0,0,0,False,2005-01-21,male
2011166,51678,1494842,52804,868,Melbourne Victory Football Club,25,J. Duncan,Jack,Duncan,Other,Substitute,SUB,0.0,0.0,,,,,False,0,0,0,0,False,1993-04-19,male
2011166,7698,1521644,7708,868,Melbourne Victory Football Club,1,M. Langerak,Mitchell,Langerak,Other,Goalkeeper,GK,98.82,98.82,2300.0,71389.0,00:00:00,,True,0,0,0,0,False,1988-08-22,male
2011166,811820,1239268,813383,868,Melbourne Victory Football Club,28,K. Bos,Kasey,Bos,Full Back,Left Back,LB,98.82,98.82,2300.0,71389.0,00:00:00,,True,0,0,0,0,False,2004-05-08,male
2011166,957736,1496511,959299,867,Wellington Phoenix FC,39,J. Smith,Jayden,Smith,Other,Substitute,SUB,0.0,0.0,,,,,False,0,0,0,0,False,2007-07-04,male
2011166,801013,1527390,802576,867,Wellington Phoenix FC,35,D. Boon,Dublin,Boon,Other,Substitute,SUB,0.0,0.0,,,,,False,0,0,0,0,False,2004-12-25,male
2011166,42510,1204930,43636,867,Wellington Phoenix FC,4,S. Wootton,Scott,Wootton,Central Defender,Left Center Back,LCB,98.82,98.82,2300.0,71389.0,00:00:00,,True,0,0,0,0,False,1991-09-12,male
2011166,51028,73040,52154,867,Wellington Phoenix FC,19,S. Sutton,Sam,Sutton,Full Back,Left Back,LB,98.82,98.82,2300.0,71389.0,00:00:00,,True,0,0,0,0,False,2001-12-10,male
2011166,34718,1496506,35835,867,Wellington Phoenix FC,1,J. Oluwayemi,Joshua,Oluwayemi,Other,Goalkeeper,GK,98.82,98.82,2300.0,71389.0,00:00:00,,True,0,0,0,0,False,2001-03-13,male
2006229,159945,216242,161500,2380,Melbourne City FC,17,M. Caputo,Max,Caputo,Center Forward,Center Forward,CF,86.13,86.13,10.0,51699.0,00:00:00,01:23:41,True,1,0,2,0,False,2005-08-17,male
2006229,51655,74017,52781,1804,Macarthur FC,22,L. Rose,Liam,Rose,Midfield,Right Midfield,RM,51.3,51.3,28490.0,59269.0,00:47:27,,False,0,0,0,0,False,1997-04-07,male
2006229,808580,1228460,810143,1804,Macarthur FC,20,K. Adamson,Kealey,Adamson,Full Back,Right Wing Back,RWB,84.7,84.7,10.0,50839.0,00:00:00,01:22:15,True,0,0,0,0,False,2003-02-17,male
2006229,795516,1204893,797079,1804,Macarthur FC,33,Y. Nicolaou,Yianni,Nicolaou,Full Back,Right Back,RB,14.05,14.05,50840.0,59269.0,01:22:15,,False,0,0,0,0,False,2000-01-05,male
2006229,11895,1216409,12002,1804,Macarthur FC,5,M. Jurman,Matthew,Jurman,Central Defender,Left Center Back,LCB,64.92,64.92,10.0,38969.0,00:00:00,01:02:28,True,0,0,0,0,False,1989-12-08,male
2006229,179963,1557908,181518,1804,Macarthur FC,11,P. Makrillos,Peter,Makrillos,Center Forward,Center Forward,CF,33.83,33.83,38970.0,59269.0,01:02:28,,False,1,0,0,0,False,1995-09-04,male
2006229,51648,74006,52774,1804,Macarthur FC,8,J. Hollman,Jake,Hollman,Midfield,Left Midfield,LM,64.92,64.92,10.0,38969.0,00:00:00,01:02:28,True,1,0,0,0,False,2001-08-26,male
2006229,966118,1508532,967681,1804,Macarthur FC,28,H. Sawyer,Harry ,Sawyer,Center Forward,Center Forward,CF,33.83,33.83,38970.0,59269.0,01:02:28,,False,0,0,0,0,False,1996-12-31,male
2006229,50980,1514404,52106,1804,Macarthur FC,9,C. Ikonomidis,Chris,Ikonomidis,Center Forward,Center Forward,CF,64.92,64.92,10.0,38969.0,00:00:00,01:02:28,True,0,0,0,0,False,1995-05-04,male
2006229,966117,1508531,967680,1804,Macarthur FC,24,D. Bosnjak,Dean,Bosnjak,Wide Attacker,Right Winger,RW,33.83,33.83,38970.0,59269.0,01:02:28,,False,0,0,0,0,False,2006-10-11,male
2006229,973077,1519036,974640,2380,Melbourne City FC,50,M. Ghossaini,Michael,Ghossaini,Center Forward,Center Forward,CF,12.62,12.62,51700.0,59269.0,01:23:41,,False,0,0,0,0,False,2007-08-25,male
2006229,972648,1518180,974211,2380,Melbourne City FC,41,L. Wong,Lawrence,Wong,Center Forward,Center Forward,CF,12.62,12.62,51700.0,59269.0,01:23:41,,False,0,0,0,0,False,2007-10-06,male
2006229,22937,1504084,23811,2380,Melbourne City FC,10,Y. Cohen,Yonatan,Cohen,Wide Attacker,Right Winger,RW,21.76,21.76,46210.0,59269.0,01:14:32,,False,1,0,0,0,False,1996-06-29,male
2006229,51681,1157287,52807,2380,Melbourne City FC,6,S. Ugarković,Steven,Ugarković,Center Forward,Center Forward,CF,21.76,21.76,46210.0,59269.0,01:14:32,,False,0,0,0,0,False,1994-08-19,male
2006229,771857,1157291,773420,2380,Melbourne City FC,38,H. Politidis,Harry,Politidis,Wide Attacker,Left Winger,LW,34.63,34.63,38490.0,59269.0,01:01:40,,False,0,0,0,0,False,2002-06-28,male
2006229,970049,1514406,971612,1804,Macarthur FC,23,F. Deli,Frans,Deli,Other,Substitute,SUB,0.0,0.0,,,,,False,0,0,0,0,False,2005-07-08,male
2006229,818285,1256019,819848,1804,Macarthur FC,30,A. Robinson,Alexander,Robinson,Other,Substitute,SUB,0.0,0.0,,,,,False,0,0,0,0,False,2005-03-09,male
2006229,51006,828184,52132,1804,Macarthur FC,6,T. Uskok,Tomislav,Uskok,Central Defender,Right Center Back,RCB,98.75,98.75,10.0,59269.0,00:00:00,,True,0,0,0,0,False,1991-06-22,male
2006229,6871,1508527,6881,1804,Macarthur FC,44,M. Jakoliš,Marin,Jakoliš,Center Forward,Center Forward,CF,98.75,98.75,10.0,59269.0,00:00:00,,True,0,0,0,0,False,1996-12-26,male
2006229,51044,1508528,52170,1804,Macarthur FC,26,L. Brattan,Luke,Brattan,Midfield,Defensive Midfield,DM,98.75,98.75,10.0,59269.0,00:00:00,,True,0,0,0,0,False,1990-03-08,male
2006229,5805,1559684,5815,1804,Macarthur FC,39,K. Boli,Kévin,Boli,Central Defender,Center Back,CB,98.75,98.75,10.0,59269.0,00:00:00,,True,0,0,0,0,False,1991-06-21,male
2006229,51014,828182,52140,1804,Macarthur FC,13,I. Vujica,Ivan,Vujica,Full Back,Left Wing Back,LWB,98.75,98.75,10.0,59269.0,00:00:00,,True,0,0,0,0,False,1997-04-20,male
2006229,3443,828185,3453,1804,Macarthur FC,12,F. Kurto,Filip,Kurto,Other,Goalkeeper,GK,98.75,98.75,10.0,59269.0,00:00:00,,True,0,0,0,0,False,1991-06-14,male
2006229,12120,1559685,12263,1804,Macarthur FC,95,S. Khaoui,Saîf-Eddine,Khaoui,Midfield,Right Midfield,RM,47.45,47.45,10.0,28479.0,00:00:00,00:47:27,True,0,0,0,0,False,1995-04-27,male
2006229,771858,1157292,773421,2380,Melbourne City FC,40,J. Nieuwenhuizen,James,Nieuwenhuizen,Other,Substitute,SUB,0.0,0.0,,,,,False,0,0,0,0,False,2004-01-17,male
2006229,51051,828162,52177,2380,Melbourne City FC,2,C. Talbot,Callum,Talbot,Other,Substitute,SUB,0.0,0.0,,,,,False,0,0,0,0,False,2001-02-26,male
2006229,9520,1157286,9530,2380,Melbourne City FC,26,S. Souprayen,Samuel,Souprayen,Central Defender,Left Center Back,LCB,98.75,98.75,10.0,59269.0,00:00:00,,True,0,0,0,0,False,1989-02-18,male
2006229,771859,1157293,773422,2380,Melbourne City FC,33,P. Beach,Patrick,Beach,Other,Goalkeeper,GK,98.75,98.75,10.0,59269.0,00:00:00,,True,0,0,0,0,False,2003-08-06,male
2006229,104563,1504085,105725,2380,Melbourne City FC,13,N. Atkinson,Nathaniel,Atkinson,Full Back,Right Back,RB,98.75,98.75,10.0,59269.0,00:00:00,,True,0,0,0,0,False,1999-06-13,male
2006229,50992,1504086,52118,2380,Melbourne City FC,27,K. Trewin,Kai,Trewin,Midfield,Left Midfield,LM,98.75,98.75,10.0,59269.0,00:00:00,,True,0,0,0,0,False,2001-05-18,male
2006229,114464,1504083,116005,2380,Melbourne City FC,22,G. Ferreyra,Germán Julio,César Ferreyra,Central Defender,Right Center Back,RCB,98.75,98.75,10.0,59269.0,00:00:00,,True,0,0,0,0,False,1996-01-13,male
2006229,11891,1157282,11998,2380,Melbourne City FC,16,A. Behich,Aziz Eraltay,Behich,Full Back,Left Back,LB,98.75,98.75,10.0,59269.0,00:00:00,,True,0,0,0,0,False,1990-12-16,male
2006229,7252,216288,7262,2380,Melbourne City FC,7,M. Leckie,Mathew,Leckie,Midfield,Right Midfield,RM,86.13,86.13,10.0,51699.0,00:00:00,01:23:41,True,0,0,0,0,False,1991-02-04,male
2006229,159941,216234,161496,2380,Melbourne City FC,23,M. Tilio,Marco,Tilio,Wide Attacker,Right Winger,RW,76.98,76.98,10.0,46209.0,00:00:00,01:14:32,True,0,0,0,0,False,2001-08-23,male
2006229,26095,1504089,27163,2380,Melbourne City FC,30,A. Kuen,Andreas ,Kuen,Center Forward,Center Forward,CF,76.98,76.98,10.0,46209.0,00:00:00,01:14:32,True,0,0,0,0,False,1995-03-24,male
2006229,963054,1504088,964617,2380,Melbourne City FC,47,K. Rahmani,Kavian,Rahmani,Wide Attacker,Left Winger,LW,64.12,64.12,10.0,38489.0,00:00:00,01:01:40,True,0,0,0,0,False,2006-12-29,male
1996435,962802,1503711,964365,866,Adelaide United Football Club,44,R. White,Ryan,White,Midfield,Attacking Midfield,AM,9.63,9.63,51840.0,57619.0,01:24:41,,False,0,0,0,0,False,2004-05-23,male
1996435,133854,181672,135409,869,Sydney Football Club,7,A. Segecic,Adrian,Segecic,Midfield,Right Defensive Midfield,RDM,26.53,26.53,41700.0,57619.0,01:07:47,,False,0,0,1,0,False,2004-06-01,male
1996435,25534,1460452,26580,869,Sydney Football Club,8,A. Ouahim,Anas,Ouahim,Wide Attacker,Left Winger,LW,78.43,78.43,10.0,47079.0,00:00:00,01:16:45,True,0,0,0,0,False,1997-09-23,male
1996435,560895,828194,562452,866,Adelaide United Football Club,8,Isaias,Isaías,Sánchez Cortés,Midfield,Right Defensive Midfield,RDM,35.35,35.35,36410.0,57619.0,00:58:58,,False,0,0,0,0,False,1987-02-09,male
1996435,973078,1519037,974641,866,Adelaide United Football Club,62,F. Talladira,Fabian,Talladira,Full Back,Left Back,LB,96.0,96.0,10.0,57619.0,00:00:00,,True,0,0,0,0,False,2006-02-04,male
1996435,133852,181669,135407,869,Sydney Football Club,6,C. Hollman,Corey,Hollman,Midfield,Right Defensive Midfield,RDM,96.0,96.0,10.0,57619.0,00:00:00,,True,0,0,0,0,False,2003-09-25,male
1996435,2858,1460450,2868,869,Sydney Football Club,11,Douglas Costa,Douglas ,Costa de Souza,Center Forward,Center Forward,CF,12.6,12.6,50060.0,57619.0,01:21:43,,False,0,0,0,0,False,1990-09-14,male
1996435,809759,1233517,811322,866,Adelaide United Football Club,51,P. Kikianis,Panagiotis,Kikianis,Central Defender,Left Center Back,LCB,96.0,96.0,10.0,57619.0,00:00:00,,True,0,0,0,0,False,2005-03-08,male
1996435,17231,1460453,17428,869,Sydney Football Club,9,P. Klimala,Patryk,Klimala,Center Forward,Center Forward,CF,83.4,83.4,10.0,50059.0,00:00:00,01:21:43,True,0,0,1,0,False,1998-08-05,male
1996435,42513,828192,43639,866,Adelaide United Football Club,10,Z. Clough,Zach,Clough,Wide Attacker,Right Winger,RW,86.36,86.36,10.0,51839.0,00:00:00,01:24:41,True,0,0,0,0,False,1995-03-08,male
1996435,560893,828191,562450,866,Adelaide United Football Club,55,E. Alagich,Ethan,Alagich,Midfield,Left Defensive Midfield,LDM,96.0,96.0,10.0,57619.0,00:00:00,,True,0,0,0,0,False,2003-12-18,male
1996435,808608,1228526,810171,866,Adelaide United Football Club,42,A. Ayoubi,Austin,Ayoubi,Wide Attacker,Right Winger,RW,9.63,9.63,51840.0,57619.0,01:24:41,,False,0,0,0,0,False,2001-07-27,male
1996435,50971,72965,52097,866,Adelaide United Football Club,19,Y. Dukuly,Yaya,Dukuly,Wide Attacker,Left Winger,LW,23.55,23.55,43490.0,57619.0,01:10:46,,False,0,0,0,0,False,2003-01-17,male
1996435,133853,181671,135408,869,Sydney Football Club,25,J. Kucharski,Jaiden,Kucharski,Wide Attacker,Left Winger,LW,17.57,17.57,47080.0,57619.0,01:16:45,,False,0,0,0,0,False,2002-06-25,male
1996435,51000,1204957,52126,869,Sydney Football Club,4,J. Courtney-Perkins,Jordan,Courtney-Perkins,Full Back,Left Back,LB,96.0,96.0,10.0,57619.0,00:00:00,,True,1,0,0,0,False,2002-11-06,male
1996435,50959,72952,52085,866,Adelaide United Football Club,6,S. Mauk,Stefan,Mauk,Midfield,Attacking Midfield,AM,72.45,72.45,10.0,43489.0,00:00:00,01:10:46,True,0,0,0,0,False,1995-10-12,male
1996435,18573,1204956,18770,869,Sydney Football Club,10,J. Lolley,Joe,Lolley,Wide Attacker,Right Winger,RW,96.0,96.0,10.0,57619.0,00:00:00,,True,0,0,1,0,False,1992-08-25,male
1996435,795547,1204965,797110,869,Sydney Football Club,21,Z. de Jesus,Zachary,de Jesus,Full Back,Right Back,RB,69.46,69.46,10.0,41699.0,00:00:00,01:07:47,True,1,0,0,0,False,2006-02-04,male
1996435,26766,1511476,27846,866,Adelaide United Football Club,3,B. Vriends,Bart,Vriends,Central Defender,Right Center Back,RCB,96.0,96.0,10.0,57619.0,00:00:00,,True,0,0,0,0,False,1991-05-09,male
1996435,51646,74004,52772,866,Adelaide United Football Club,12,J. Yull,Jonny ,Yull,Wide Attacker,Left Winger,LW,86.36,86.36,10.0,51839.0,00:00:00,01:24:41,True,0,0,0,0,False,2005-03-05,male
1996435,51005,1503707,52131,866,Adelaide United Football Club,20,D. Pierias,Dylan,Pierias,Full Back,Right Back,RB,96.0,96.0,10.0,57619.0,00:00:00,,True,0,0,1,0,False,2000-02-20,male
1996435,50949,1503708,52075,866,Adelaide United Football Club,14,J. Barnett,Jay,Barnett,Midfield,Right Defensive Midfield,RDM,60.65,60.65,10.0,36409.0,00:00:00,00:58:58,True,1,0,0,0,False,2001-02-14,male
1996435,797295,1210122,798858,866,Adelaide United Football Club,9,L. Jovanovic,Luka,Jovanovic,Center Forward,Center Forward,CF,35.35,35.35,36410.0,57619.0,00:58:58,,False,0,0,0,0,False,2005-05-20,male
1996435,51686,1503709,52812,866,Adelaide United Football Club,26,A. Goodwin,Archie,Goodwin,Center Forward,Center Forward,CF,60.65,60.65,10.0,36409.0,00:00:00,00:58:58,True,0,0,0,0,False,2004-11-07,male
1996435,998257,1555873,999820,866,Adelaide United Football Club,60,O. Page,Oscar,Page,Other,Substitute,SUB,0.0,0.0,,,,,False,0,0,0,0,False,2006-04-26,male
1996435,50962,72955,52088,866,Adelaide United Football Club,27,J. Cavallo,Joshua,Cavallo,Other,Substitute,SUB,0.0,0.0,,,,,False,0,0,0,0,False,1999-11-13,male
1996435,809070,1230225,810633,866,Adelaide United Football Club,40,E. Cox,Ethan,Cox,Other,Goalkeeper,GK,96.0,96.0,10.0,57619.0,00:00:00,,True,0,0,0,0,False,2004-01-07,male
1996435,966307,1508754,967870,869,Sydney Football Club,37,W. Kennedy,Will,Kennedy,Other,Substitute,SUB,0.0,0.0,,,,,False,0,0,0,0,False,2005-02-14,male
1996435,795544,1204962,797107,869,Sydney Football Club,24,W. Kamijo,Wataru,Kamijo,Other,Substitute,SUB,0.0,0.0,,,,,False,0,0,0,0,False,2006-04-17,male
1996435,813317,1243940,814880,869,Sydney Football Club,20,T. Quintal,Tiago,Quintal,Other,Substitute,SUB,0.0,0.0,,,,,False,0,0,0,0,False,2006-06-16,male
1996435,51047,73060,52173,869,Sydney Football Club,1,A. Redmayne,Andrew,Redmayne,Other,Substitute,SUB,0.0,0.0,,,,,False,0,0,0,0,False,1989-01-13,male
1996435,51644,74001,52770,869,Sydney Football Club,23,R. Grant,Rhyan,Grant,Central Defender,Right Center Back,RCB,96.0,96.0,10.0,57619.0,00:00:00,,True,1,0,0,0,False,1991-02-26,male
1996435,28293,1460449,29376,869,Sydney Football Club,15,Léo Sena,Leonardo,de Souza Sena,Midfield,Left Defensive Midfield,LDM,96.0,96.0,10.0,57619.0,00:00:00,,True,0,0,0,0,False,1995-12-31,male
1996435,998256,1555872,999819,869,Sydney Football Club,42,K. Shaw,Kyle Reilly ,Shaw,Central Defender,Left Center Back,LCB,96.0,96.0,10.0,57619.0,00:00:00,,True,0,0,0,0,False,2004-09-07,male
1996435,931987,1460448,933550,869,Sydney Football Club,12,H. Devenish-Meares,Harrison,Devenish-Meares,Other,Goalkeeper,GK,96.0,96.0,10.0,57619.0,00:00:00,,True,0,0,0,0,False,1996-10-27,male
1996435,51045,73058,52171,869,Sydney Football Club,17,A. Cáceres,Anthony,Cáceres,Midfield,Attacking Midfield,AM,96.0,96.0,10.0,57619.0,00:00:00,,True,0,0,1,0,False,1992-09-29,male
1953632,795511,1204883,797074,870,Central Coast Mariners Football Club,33,N. Paull,Nathan,Paull,Central Defender,Left Center Back,LCB,98.72,98.72,10.0,59249.0,00:00:00,,True,0,0,1,0,False,2003-08-21,male
1953632,963054,1504088,964617,2380,Melbourne City FC,47,K. Rahmani,Kavian,Rahmani,Wide Attacker,Left Forward,LF,21.75,21.75,46200.0,59249.0,01:13:42,,False,0,0,0,0,False,2006-12-29,male
1953632,771861,1157295,773424,2380,Melbourne City FC,19,Z. Schreiber,Zane William,Schreiber,Midfield,Defensive Midfield,DM,76.96,76.96,10.0,46199.0,00:00:00,01:13:42,True,0,0,0,0,False,2005-05-31,male
1953632,972981,1518741,974544,2380,Melbourne City FC,50,M. Ghossaini,Michael,Ghossaini,Center Forward,Center Forward,CF,8.5,8.5,54150.0,59249.0,01:26:57,,False,0,0,0,0,False,,male
1953632,330380,1448856,331937,870,Central Coast Mariners Football Club,24,D. Herrington,Diesel,Herrington,Central Defender,Right Center Back,RCB,21.85,21.85,46140.0,59249.0,01:13:36,,False,0,0,0,0,False,2004-08-04,male
1953632,795508,1204876,797071,870,Central Coast Mariners Football Club,16,H. Steele,Harrison,Steele,Midfield,Left Midfield,LM,87.28,87.28,10.0,52389.0,00:00:00,01:24:01,True,0,0,0,0,False,2002-10-12,male
1953632,51039,1204884,52165,870,Central Coast Mariners Football Club,5,N. Smith,Noah,Smith,Full Back,Left Wing Back,LWB,57.11,57.11,10.0,34289.0,00:00:00,00:53:51,True,0,0,0,0,False,2000-12-15,male
1953632,51668,74034,52794,870,Central Coast Mariners Football Club,9,A. Kuol,Alou,Kuol,Center Forward,Center Forward,CF,98.72,98.72,10.0,59249.0,00:00:00,,True,0,0,0,0,False,2001-07-05,male
1953632,51051,828162,52177,2380,Melbourne City FC,2,C. Talbot,Callum,Talbot,Full Back,Right Back,RB,98.72,98.72,10.0,59249.0,00:00:00,,True,0,0,0,0,False,2001-02-26,male
1953632,771857,1157291,773420,2380,Melbourne City FC,38,H. Politidis,Harry,Politidis,Wide Attacker,Left Forward,LF,76.96,76.96,10.0,46199.0,00:00:00,01:13:42,True,0,0,0,0,False,2002-06-28,male
1953632,51681,1157287,52807,2380,Melbourne City FC,6,S. Ugarković,Steven,Ugarković,Midfield,Left Midfield,LM,98.72,98.72,10.0,59249.0,00:00:00,,True,0,0,0,0,False,1994-08-19,male
1953632,114464,1504083,116005,2380,Melbourne City FC,22,G. Ferreyra,Germán Julio,César Ferreyra,Central Defender,Right Center Back,RCB,21.75,21.75,46200.0,59249.0,01:13:42,,False,0,0,0,0,False,1996-01-13,male
1953632,10549,1448850,10559,870,Central Coast Mariners Football Club,4,T. Sainsbury,Trent,Sainsbury,Central Defender,Right Center Back,RCB,76.86,76.86,10.0,46139.0,00:00:00,01:13:36,True,1,0,0,0,False,1992-01-05,male
1953632,34423,1204879,35534,870,Central Coast Mariners Football Club,10,Mikael Doka,Antonio Mikael,Rodrigues Brito,Wide Attacker,Left Winger,LW,98.72,98.72,10.0,59249.0,00:00:00,,True,0,0,0,0,False,2000-01-24,male
1953632,923864,1448859,925427,870,Central Coast Mariners Football Club,36,H. Eames,Haine Anthony,Eames,Midfield,Left Midfield,LM,11.43,11.43,52390.0,59249.0,01:24:01,,False,0,0,0,0,False,2008-02-27,male
1953632,808609,1228527,810172,870,Central Coast Mariners Football Club,37,B. Brandtman,Bailey,Brandtman,Wide Attacker,Right Winger,RW,48.26,48.26,10.0,28969.0,00:00:00,00:48:16,True,0,0,0,0,False,2005-06-28,male
1953632,50992,1504086,52118,2380,Melbourne City FC,27,K. Trewin,Kai,Trewin,Central Defender,Right Center Back,RCB,98.72,98.72,10.0,59249.0,00:00:00,,True,1,0,0,0,False,2001-05-18,male
1953632,771856,1157290,773419,2380,Melbourne City FC,46,B. Mazzeo,Benjamin,Mazzeo,Wide Attacker,Right Forward,RF,59.06,59.06,23800.0,59249.0,00:39:39,,False,0,0,0,0,False,2005-07-12,male
1953632,29856,1448852,30949,870,Central Coast Mariners Football Club,8,A. McCalmont,Alfie,McCalmont,Midfield,Right Midfield,RM,98.72,98.72,10.0,59249.0,00:00:00,,True,0,0,0,0,False,2000-03-25,male
1953632,23930,21891,24888,870,Central Coast Mariners Football Club,15,S. Roux,Storm ,Roux,Full Back,Right Wing Back,RWB,98.72,98.72,10.0,59249.0,00:00:00,,True,0,0,0,0,False,1993-01-13,male
1953632,795151,1204019,796714,2380,Melbourne City FC,35,M. Memeti,Medin,Memeti,Center Forward,Center Forward,CF,90.22,90.22,10.0,54149.0,00:00:00,01:26:57,True,0,0,0,0,False,2007-06-20,male
1953632,795510,1204880,797073,870,Central Coast Mariners Football Club,3,B. Kaltak,Brian,Kaltak,Central Defender,Center Back,CB,98.72,98.72,10.0,59249.0,00:00:00,,True,0,0,0,0,False,1993-09-30,male
1953632,22937,1504084,23811,2380,Melbourne City FC,10,Y. Cohen,Yonatan,Cohen,Wide Attacker,Right Forward,RF,39.65,39.65,10.0,23799.0,00:00:00,00:39:39,True,0,0,0,0,False,1996-06-29,male
1953632,795515,1204889,797078,870,Central Coast Mariners Football Club,28,W. Wilson,Will,Wilson,Wide Attacker,Right Winger,RW,41.6,41.6,34290.0,59249.0,00:53:51,,False,0,0,0,0,False,2001-12-23,male
1953632,795509,1204878,797072,870,Central Coast Mariners Football Club,7,C. Theoharous,Christian,Theoharous,Wide Attacker,Left Winger,LW,50.45,50.45,28980.0,59249.0,00:48:16,,False,1,0,0,0,False,1999-12-06,male
1953632,972648,1518180,974211,2380,Melbourne City FC,41,L. Wong,Lawrence,Wong,Other,Substitute,SUB,0.0,0.0,,,,,False,0,0,0,0,False,2007-10-06,male
1953632,50996,1157284,52122,2380,Melbourne City FC,1,J. Young,Jamie,Young,Other,Substitute,SUB,0.0,0.0,,,,,False,0,0,0,0,False,1985-08-25,male
1953632,963053,1504087,964616,2380,Melbourne City FC,42,B. Dunbar,Benjamin,Dunbar,Other,Substitute,SUB,0.0,0.0,,,,,False,0,0,0,0,False,2006-01-28,male
1953632,9520,1157286,9530,2380,Melbourne City FC,26,S. Souprayen,Samuel,Souprayen,Central Defender,Left Center Back,LCB,98.72,98.72,10.0,59249.0,00:00:00,,True,0,0,1,0,False,1989-02-18,male
1953632,771859,1157293,773422,2380,Melbourne City FC,33,P. Beach,Patrick,Beach,Other,Goalkeeper,GK,98.72,98.72,10.0,59249.0,00:00:00,,True,0,0,0,0,False,2003-08-06,male
1953632,104563,1504085,105725,2380,Melbourne City FC,13,N. Atkinson,Nathaniel,Atkinson,Midfield,Right Midfield,RM,98.72,98.72,10.0,59249.0,00:00:00,,True,0,0,0,0,False,1999-06-13,male
1953632,11891,1157282,11998,2380,Melbourne City FC,16,A. Behich,Aziz Eraltay,Behich,Full Back,Left Back,LB,98.72,98.72,10.0,59249.0,00:00:00,,True,0,0,0,0,False,1990-12-16,male
1953632,170488,1448851,172043,870,Central Coast Mariners Football Club,11,Vitor Feijão,Vitor,Correia da Silva,Other,Substitute,SUB,0.0,0.0,,,,,False,0,0,0,0,False,1996-08-01,male
1953632,923861,1448854,925424,870,Central Coast Mariners Football Club,17,S. James Ngor,Sabit,James Ngor,Other,Substitute,SUB,0.0,0.0,,,,,False,0,0,0,0,False,2001-01-05,male
1953632,152947,1448853,154502,870,Central Coast Mariners Football Club,1,A. Pavlesic,Adam,Pavlesic,Other,Substitute,SUB,0.0,0.0,,,,,False,0,0,0,0,False,2002-07-30,male
1953632,923862,1448857,925425,870,Central Coast Mariners Football Club,40,D. Peraic-Cullen,Dylan,Peraic-Cullen,Other,Goalkeeper,GK,98.72,98.72,10.0,59249.0,00:00:00,,True,0,0,0,0,False,2006-07-25,male
1925299,51050,1507994,52176,1802,Brisbane Roar FC,4,B. Warland,Ben,Warland,Central Defender,Left Center Back,LCB,33.1,33.1,10.0,19869.0,00:00:00,00:33:06,True,0,0,0,0,False,1996-09-04,male
1925299,333110,1507996,334667,1802,Brisbane Roar FC,11,N. Acosta,Neicer Aldhair,Acosta Mendez,Wide Attacker,Right Winger,RW,12.58,12.58,53750.0,61299.0,01:24:10,,False,0,0,0,0,False,2002-12-12,male
1925299,966112,1508522,967675,871,Perth Glory Football Club,16,A. Bugarija,Adam,Bugarija,Center Forward,Center Forward,CF,67.75,67.75,10.0,40669.0,00:00:00,01:02:22,True,0,0,0,0,False,2005-02-22,male
1925299,797298,1508001,798861,1802,Brisbane Roar FC,43,A. Zimarino,Adam,Zimarino,Wide Attacker,Right Winger,RW,72.1,72.1,10.0,43279.0,00:00:00,01:06:43,True,0,0,0,0,False,2001-08-28,male
1925299,560987,828321,562544,871,Perth Glory Football Club,20,T. Ostler,Trent,Ostler,Wide Attacker,Right Winger,RW,67.75,67.75,10.0,40669.0,00:00:00,01:02:22,True,0,0,0,0,False,2002-04-03,male
1925299,795530,1508515,797093,871,Perth Glory Football Club,7,N. Pennington,Nicholas,Pennington,Midfield,Left Midfield,LM,102.13,102.13,10.0,61299.0,00:00:00,,True,0,0,0,0,False,1998-12-18,male
1925299,560986,1229607,562543,1802,Brisbane Roar FC,23,K. Jelacic,Keegan,Jelacic,Wide Attacker,Left Winger,LW,89.55,89.55,10.0,53749.0,00:00:00,01:24:10,True,0,0,0,0,False,2002-07-31,male
1925299,51722,74101,52848,1802,Brisbane Roar FC,19,J. Hingert,Jack,Hingert,Full Back,Right Back,RB,30.03,30.03,43280.0,61299.0,01:06:43,,False,0,0,0,0,False,1990-09-26,male
1925299,809869,1234055,811432,871,Perth Glory Football Club,31,J. Anasmo,Joel ,Anasmo,Wide Attacker,Left Winger,LW,16.76,16.76,51240.0,61299.0,01:19:59,,False,0,0,0,0,False,2004-09-24,male
1925299,51002,73001,52128,1802,Brisbane Roar FC,26,J. O'Shea,Jay,O'Shea,Midfield,Left Defensive Midfield,LDM,102.13,102.13,10.0,61299.0,00:00:00,,True,0,0,0,0,False,1988-08-10,male
1925299,560988,1508520,562545,871,Perth Glory Football Club,14,N. Blair,Nathanael,Blair,Center Forward,Center Forward,CF,34.38,34.38,40670.0,61299.0,01:02:22,,False,0,0,0,0,False,2004-03-15,male
1925299,966113,1508523,967676,871,Perth Glory Football Club,27,W. Freney,William ,Freney,Center Forward,Center Forward,CF,3.03,3.03,59480.0,61299.0,01:33:43,,False,0,0,0,0,False,2005-11-04,male
1925299,560882,1204949,562439,1802,Brisbane Roar FC,10,F. Bérenguer,Florin,Bérenguer,Midfield,Attacking Midfield,AM,72.1,72.1,10.0,43279.0,00:00:00,01:06:43,True,0,0,0,0,False,1989-04-01,male
1925299,795533,1204938,797096,871,Perth Glory Football Club,17,J. Carluccio,Jarrod,Carluccio,Wide Attacker,Right Winger,RW,34.38,34.38,40670.0,61299.0,01:02:22,,False,1,0,0,0,False,2001-02-08,male
1925299,560989,1516340,562546,871,Perth Glory Football Club,29,T. Mrčela,Tomislav,Mrčela,Central Defender,Left Center Back,LCB,102.13,102.13,10.0,61299.0,00:00:00,,True,0,0,0,0,False,1990-10-01,male
1925299,966115,1508526,967678,871,Perth Glory Football Club,26,K. Ngo,Khoa,Ngo,Wide Attacker,Left Winger,LW,34.38,34.38,40670.0,61299.0,01:02:22,,False,0,0,0,0,False,2006-06-30,male
1925299,795541,1204954,797104,1802,Brisbane Roar FC,30,Q. MacNicol,Quinn,MacNicol,Midfield,Attacking Midfield,AM,30.03,30.03,43280.0,61299.0,01:06:43,,False,0,0,0,0,False,2008-01-10,male
1925299,965698,1508005,967261,1802,Brisbane Roar FC,18,J. Brazete,Jacob ,Brazete,Wide Attacker,Right Winger,RW,30.03,30.03,43280.0,61299.0,01:06:43,,False,0,0,0,0,False,2006-01-20,male
1925299,69111,1508000,70237,1802,Brisbane Roar FC,15,H. Bility,Hosine,Bility,Central Defender,Left Center Back,LCB,69.03,69.03,19870.0,61299.0,00:33:06,,False,0,0,0,0,False,2001-05-10,male
1925299,51021,1204943,52147,871,Perth Glory Football Club,1,O. Sail,Oliver,Sail,Other,Substitute,SUB,0.0,0.0,,,,,False,0,0,0,0,False,1996-01-13,male
1925299,796014,1508516,797577,871,Perth Glory Football Club,5,L. Barr,Lachlan,Barr,Other,Substitute,SUB,0.0,0.0,,,,,False,0,0,0,0,False,1994-09-24,male
1925299,560984,828311,562541,871,Perth Glory Football Club,9,D. Williams,David,Williams,Center Forward,Center Forward,CF,99.1,99.1,10.0,59479.0,00:00:00,01:33:43,True,0,0,1,0,False,1988-02-26,male
1925299,51694,1508517,52820,871,Perth Glory Football Club,12,T. Gomulka,Taras ,Gomulka,Midfield,Right Midfield,RM,102.13,102.13,10.0,61299.0,00:00:00,,True,0,0,0,0,False,2001-09-16,male
1925299,11897,104512,12004,871,Perth Glory Football Club,19,J. Risdon,Josh,Risdon,Full Back,Right Back,RB,102.13,102.13,10.0,61299.0,00:00:00,,True,0,0,0,0,False,1992-07-27,male
1925299,560985,828314,562542,871,Perth Glory Football Club,13,C. Cook,Cameron,Cook,Other,Goalkeeper,GK,102.13,102.13,10.0,61299.0,00:00:00,,True,0,0,0,0,False,2001-08-16,male
1925299,809166,1230673,810729,871,Perth Glory Football Club,24,A. Lebib,Adriano,Lebib,Central Defender,Right Center Back,RCB,102.13,102.13,10.0,61299.0,00:00:00,,True,0,0,0,0,False,2006-01-29,male
1925299,50982,72979,52108,871,Perth Glory Football Club,2,R. Warland,Riley,Warland,Full Back,Left Back,LB,85.36,85.36,10.0,51239.0,00:00:00,01:19:59,True,1,0,0,0,False,2002-07-04,male
1925299,966114,1508525,967677,871,Perth Glory Football Club,21,A. Faisal,Abdelelah,Faisal,Wide Attacker,Left Winger,LW,67.75,67.75,10.0,40669.0,00:00:00,01:02:22,True,1,0,0,0,False,2005-10-27,male
1925299,50950,1204952,52076,1802,Brisbane Roar FC,29,M. Acton,Matt,Acton,Other,Substitute,SUB,0.0,0.0,,,,,False,0,0,0,0,False,1992-06-03,male
1925299,560898,828198,562455,1802,Brisbane Roar FC,35,L. Zabala,Louis,Zabala,Other,Substitute,SUB,0.0,0.0,,,,,False,0,0,0,0,False,2001-01-25,male
1925299,287934,1507999,289491,1802,Brisbane Roar FC,8,Walid Shour,Walid,Shour,Midfield,Right Defensive Midfield,RDM,102.13,102.13,10.0,61299.0,00:00:00,,True,0,0,0,0,False,1996-06-10,male
1925299,795537,1204948,797100,1802,Brisbane Roar FC,16,T. Waddingham,Thomas,Waddingham,Center Forward,Center Forward,CF,102.13,102.13,10.0,61299.0,00:00:00,,True,0,0,0,0,False,2005-04-05,male
1925299,50999,72997,52125,1802,Brisbane Roar FC,1,M. Freke,Macklin,Freke,Other,Goalkeeper,GK,102.13,102.13,10.0,61299.0,00:00:00,,True,0,0,0,0,False,1999-01-06,male
1925299,965697,1508004,967260,1802,Brisbane Roar FC,12,L. Herrington,Lucas,Herrington,Central Defender,Right Center Back,RCB,102.13,102.13,10.0,61299.0,00:00:00,,True,0,0,0,0,False,2007-05-09,male
1925299,560983,1210560,562540,1802,Brisbane Roar FC,21,A. Burke-Gilroy,Antonee Alan,Burke-Gilroy,Full Back,Left Back,LB,102.13,102.13,10.0,61299.0,00:00:00,,True,0,0,0,0,False,1997-10-03,male
1925299,51043,1507998,52169,1802,Brisbane Roar FC,17,H. Van Der Saag,Harry,Van Der Saag,Full Back,Right Back,RB,72.1,72.1,10.0,43279.0,00:00:00,01:06:43,True,0,0,0,0,False,1999-10-29,male
1899585,957734,1496509,959297,867,Wellington Phoenix FC,3,C. Piper,Corban,Piper,Full Back,Left Wing Back,LWB,1.65,1.65,59540.0,60529.0,01:34:37,,False,0,0,0,0,False,2002-09-10,male
1899585,27003,1496507,28085,867,Wellington Phoenix FC,25,K. Nagasawa,Kazuki,Nagasawa,Center Forward,Center Forward,CF,84.33,84.33,10.0,50619.0,00:00:00,01:19:45,True,0,0,0,0,False,1991-12-16,male
1899585,14736,1507966,14933,4177,Auckland FC,6,L. Verstraete,Louis,Verstraete,Midfield,Right Midfield,RM,21.68,21.68,10.0,13019.0,00:00:00,00:21:41,True,0,0,0,0,False,1999-05-04,male
1899585,6799,1508972,6809,867,Wellington Phoenix FC,21,M. Rojas,Marco,Rojas,Center Forward,Center Forward,CF,36.1,36.1,38870.0,60529.0,01:00:10,,False,0,0,0,0,False,1991-11-05,male
1899585,965684,1507973,967247,4177,Auckland FC,8,L. Toomey,Luis,Toomey,Wide Attacker,Left Winger,LW,38.2,38.2,37610.0,60529.0,00:58:04,,False,0,0,0,0,False,2001-07-01,male
1899585,26969,1496505,28051,867,Wellington Phoenix FC,9,H. Ishige,Hideki,Ishige,Wide Attacker,Left Forward,LF,100.85,100.85,10.0,60529.0,00:00:00,,True,1,0,0,0,False,1994-09-21,male
1899585,43829,1507969,44955,4177,Auckland FC,25,N. Moreno,Neyder Stiven,Moreno Betancur,Wide Attacker,Right Winger,RW,38.2,38.2,37610.0,60529.0,00:58:04,,False,0,0,0,0,False,1997-02-09,male
1899585,799092,1214315,800655,867,Wellington Phoenix FC,27,M. Sheridan,Matthew,Sheridan,Central Defender,Right Center Back,RCB,100.85,100.85,10.0,60529.0,00:00:00,,True,0,0,0,0,False,2004-05-09,male
1899585,133501,1507961,135056,4177,Auckland FC,27,L. Rogerson,Logan,Rogerson,Wide Attacker,Right Winger,RW,62.65,62.65,10.0,37609.0,00:00:00,00:58:04,True,0,0,0,0,False,1998-05-28,male
1899585,799091,1214314,800654,867,Wellington Phoenix FC,24,O. Van Hattum,Oskar,Van Hattum,Midfield,Right Midfield,RM,16.52,16.52,50620.0,60529.0,01:19:45,,False,0,0,0,0,False,2002-04-14,male
1899585,159938,1508549,161493,867,Wellington Phoenix FC,11,S. Colakovski,Stefan,Colakovski,Wide Attacker,Left Forward,LF,36.1,36.1,38870.0,60529.0,01:00:10,,False,0,0,0,0,False,2000-04-20,male
1899585,50951,1507963,52077,4177,Auckland FC,22,J. Brimmer,Jake,Brimmer,Center Forward,Center Forward,CF,73.1,73.1,10.0,43879.0,00:00:00,01:08:31,True,0,0,0,0,False,1998-04-03,male
1899585,31147,1507955,32245,4177,Auckland FC,5,T. Smith,Tommy,Smith,Central Defender,Center Back,CB,27.75,27.75,43880.0,60529.0,01:08:31,,False,0,0,0,0,False,1990-03-31,male
1899585,965685,1507975,967248,4177,Auckland FC,14,L. Gillion,Liam ,Gillion,Wide Attacker,Left Winger,LW,62.65,62.65,10.0,37609.0,00:00:00,00:58:04,True,0,0,0,0,False,2002-10-17,male
1899585,133495,1507959,135050,4177,Auckland FC,7,C. Howieson,Cameron Drew,Howieson,Midfield,Right Midfield,RM,79.16,79.16,13020.0,60529.0,00:21:41,,False,1,0,0,0,False,1994-12-22,male
1899585,799453,1496508,801016,867,Wellington Phoenix FC,41,N. Walker,Nathan,Walker,Other,Substitute,SUB,0.0,0.0,,,,,False,0,0,0,0,False,2006-01-30,male
1899585,735576,1204923,737139,867,Wellington Phoenix FC,12,M. Al-Taay,Mohamed,Al-Taay,Other,Substitute,SUB,0.0,0.0,,,,,False,0,0,0,0,False,2000-06-15,male
1899585,698134,1212640,699697,867,Wellington Phoenix FC,30,A. Kelly-Heald,Alby ,Kelly-Heald,Other,Substitute,SUB,0.0,0.0,,,,,False,0,0,0,0,False,2005-03-18,male
1899585,51028,73040,52154,867,Wellington Phoenix FC,19,S. Sutton,Sam,Sutton,Full Back,Left Wing Back,LWB,99.2,99.2,10.0,59539.0,00:00:00,01:34:37,True,1,0,0,0,False,2001-12-10,male
1899585,42510,1204930,43636,867,Wellington Phoenix FC,4,S. Wootton,Scott,Wootton,Central Defender,Left Center Back,LCB,100.85,100.85,10.0,60529.0,00:00:00,,True,0,0,0,0,False,1991-09-12,male
1899585,23909,21865,24867,867,Wellington Phoenix FC,7,K. Barbarouses,Kosta,Barbarouses,Wide Attacker,Right Forward,RF,100.85,100.85,10.0,60529.0,00:00:00,,True,1,0,1,0,False,1990-02-19,male
1899585,34718,1496506,35835,867,Wellington Phoenix FC,1,J. Oluwayemi,Joshua,Oluwayemi,Other,Goalkeeper,GK,100.85,100.85,10.0,60529.0,00:00:00,,True,0,0,0,0,False,2001-03-13,male
1899585,698137,1204936,699700,867,Wellington Phoenix FC,15,I. Hughes,Isaac,Hughes,Central Defender,Center Back,CB,100.85,100.85,10.0,60529.0,00:00:00,,True,0,0,0,1,False,2004-03-25,male
1899585,51015,73025,52141,867,Wellington Phoenix FC,14,A. Rufer,Alex,Rufer,Midfield,Left Midfield,LM,100.85,100.85,10.0,60529.0,00:00:00,,True,1,0,0,0,False,1996-06-12,male
1899585,51017,73028,52143,867,Wellington Phoenix FC,6,T. Payne,Tim,Payne,Full Back,Right Wing Back,RWB,64.75,64.75,10.0,38869.0,00:00:00,01:00:10,True,0,0,0,0,False,1994-01-10,male
1899585,51046,1511560,52172,867,Wellington Phoenix FC,8,P. Retre,Paulo,Retre,Midfield,Right Midfield,RM,64.75,64.75,10.0,38869.0,00:00:00,01:00:10,True,1,0,0,0,False,1993-03-04,male
1899585,14355,1507962,14552,4177,Auckland FC,1,M. Woud,Michael,Woud,Other,Substitute,SUB,0.0,0.0,,,,,False,0,0,0,0,False,1999-01-16,male
1899585,163972,1507964,165527,4177,Auckland FC,9,M. Mata,Max,Mata,Other,Substitute,SUB,0.0,0.0,,,,,False,0,0,0,0,False,2000-07-10,male
1899585,51713,1507968,52839,4177,Auckland FC,17,C. Elliott,Callan,Elliot,Other,Substitute,SUB,0.0,0.0,,,,,False,0,0,0,0,False,1999-07-07,male
1899585,33697,1507971,34805,4177,Auckland FC,4,N. Pijnaker,Nando,Pijnaker,Central Defender,Left Center Back,LCB,100.85,100.85,10.0,60529.0,00:00:00,,True,0,0,1,0,False,1999-02-25,male
1899585,4322,1507958,4332,4177,Auckland FC,2,H. Sakai,Hiroki,Sakai,Full Back,Right Back,RB,100.85,100.85,10.0,60529.0,00:00:00,,True,0,0,0,0,False,1990-04-12,male
1899585,38673,1507965,39794,4177,Auckland FC,10,G. May,Guillermo Luis,May Bartesaghi,Center Forward,Center Forward,CF,100.85,100.85,10.0,60529.0,00:00:00,,True,0,0,0,0,False,1998-03-11,male
1899585,23418,1507957,24342,4177,Auckland FC,28,F. Gallegos,Luis Felipe,Gallegos Leiva,Midfield,Left Midfield,LM,100.85,100.85,10.0,60529.0,00:00:00,,True,0,0,0,0,False,1991-12-03,male
1899585,133498,1507956,135053,4177,Auckland FC,15,F. De Vries,Francis,De Vries,Full Back,Left Back,LB,100.85,100.85,10.0,60529.0,00:00:00,,True,0,0,0,0,False,1994-11-28,male
1899585,51667,1507974,52793,4177,Auckland FC,23,D. Hall,Daniel,Hall,Central Defender,Right Center Back,RCB,100.85,100.85,10.0,60529.0,00:00:00,,True,0,0,0,0,False,1999-06-14,male
1899585,285188,1507970,286745,4177,Auckland FC,12,A. Paulsen,Alex Noah,Paulsen,Other,Goalkeeper,GK,100.85,100.85,10.0,60529.0,00:00:00,,True,0,0,0,0,False,2002-07-04,male
1886347,38673,1507965,39794,4177,Auckland FC,10,G. May,Guillermo Luis,May Bartesaghi,Center Forward,Center Forward,CF,86.65,86.65,10.0,52009.0,00:00:00,01:25:21,True,0,0,0,0,False,1998-03-11,male
1886347,51713,1507968,52839,4177,Auckland FC,17,C. Elliott,Callan,Elliot,Full Back,Right Back,RB,98.4,98.4,10.0,59059.0,00:00:00,,True,0,0,0,0,False,1999-07-07,male
1886347,50951,1507963,52077,4177,Auckland FC,22,J. Brimmer,Jake,Brimmer,Center Forward,Center Forward,CF,77.91,77.91,10.0,46769.0,00:00:00,01:16:37,True,0,0,0,0,False,1998-04-03,male
1886347,50978,1087119,52104,1805,Newcastle United Jets FC,19,C. Timmins,Callum,Timmins,Midfield,Left Defensive Midfield,LDM,86.26,86.26,10.0,51779.0,00:00:00,01:24:58,True,1,0,0,0,False,1999-12-23,male
1886347,133498,1507956,135053,4177,Auckland FC,15,F. De Vries,Francis,De Vries,Full Back,Left Back,LB,98.4,98.4,10.0,59059.0,00:00:00,,True,0,0,1,0,False,1994-11-28,male
1886347,33697,1507971,34805,4177,Auckland FC,4,N. Pijnaker,Nando,Pijnaker,Central Defender,Left Center Back,LCB,98.4,98.4,10.0,59059.0,00:00:00,,True,1,0,0,0,False,1999-02-25,male
1886347,51667,1507974,52793,4177,Auckland FC,23,D. Hall,Daniel,Hall,Central Defender,Right Center Back,RCB,98.4,98.4,10.0,59059.0,00:00:00,,True,0,0,0,0,False,1999-06-14,male
1886347,14736,1507966,14933,4177,Auckland FC,6,L. Verstraete,Louis,Verstraete,Midfield,Defensive Midfield,DM,98.4,98.4,10.0,59059.0,00:00:00,,True,0,0,0,0,False,1999-05-04,male
1886347,966125,1508548,967688,1805,Newcastle United Jets FC,28,W. Will Dobson,Will ,Dobson,Other,Substitute,SUB,0.0,0.0,,,,,False,0,0,0,0,False,,male
1886347,966124,1508547,967687,1805,Newcastle United Jets FC,21,N. James,Noah Paul,James,Other,Substitute,SUB,0.0,0.0,,,,,False,0,0,0,0,False,2001-02-14,male
1886347,808965,1229663,810528,1805,Newcastle United Jets FC,27,N. Grimaldi,Nathan,Grimaldi,Other,Substitute,SUB,0.0,0.0,,,,,False,0,0,0,0,False,2001-09-15,male
1886347,735573,1087109,737136,1805,Newcastle United Jets FC,39,T. Aquilina,Thomas,Aquilina,Wide Attacker,Left Winger,LW,98.4,98.4,10.0,59059.0,00:00:00,,True,0,0,0,0,False,2001-02-02,male
1886347,51009,1204873,52135,1805,Newcastle United Jets FC,1,R. Scott,Ryan,Scott,Other,Goalkeeper,GK,98.4,98.4,10.0,59059.0,00:00:00,,True,0,0,0,0,False,1995-12-18,male
1886347,176224,1204875,177779,1805,Newcastle United Jets FC,4,P. Cancar,Phillip,Cancar,Central Defender,Right Center Back,RCB,98.4,98.4,10.0,59059.0,00:00:00,,True,0,0,0,0,False,2001-05-11,male
1886347,735578,1087123,737141,1805,Newcastle United Jets FC,33,M. Natta,Mark,Natta,Full Back,Left Back,LB,98.4,98.4,10.0,59059.0,00:00:00,,True,0,0,0,0,False,2002-11-28,male
1886347,735574,1087114,737137,1805,Newcastle United Jets FC,17,K. Grozos,Kosta,Grozos,Midfield,Right Defensive Midfield,RDM,98.4,98.4,10.0,59059.0,00:00:00,,True,0,0,0,0,False,2000-08-10,male
1886347,50983,1087111,52109,1805,Newcastle United Jets FC,14,D. Ingham,Dane,Ingham,Full Back,Right Back,RB,98.4,98.4,10.0,59059.0,00:00:00,,True,1,0,0,0,False,1999-06-08,male
1886347,51649,1508538,52775,1805,Newcastle United Jets FC,15,A. Šušnjar,Aleksandar,Šušnjar,Central Defender,Left Center Back,LCB,98.4,98.4,10.0,59059.0,00:00:00,,True,1,0,0,0,False,1995-08-19,male
1886347,965685,1507975,967248,4177,Auckland FC,14,L. Gillion,Liam ,Gillion,Wide Attacker,Left Winger,LW,98.4,98.4,10.0,59059.0,00:00:00,,True,0,0,0,0,False,2002-10-17,male
1886347,795506,1204871,797069,1805,Newcastle United Jets FC,13,C. Taylor,Clayton,Taylor,Center Forward,Center Forward,CF,29.38,29.38,41430.0,59059.0,01:07:43,,False,0,0,0,0,False,2004-03-01,male
1886347,797297,1508543,798860,1805,Newcastle United Jets FC,6,M. Scarcella,Matthew,Scarcella,Midfield,Attacking Midfield,AM,12.13,12.13,51780.0,59059.0,01:24:58,,False,0,0,0,0,False,2004-03-04,male
1886347,560992,1204874,562549,1805,Newcastle United Jets FC,23,D. Wilmering,Daniel,Wilmering,Midfield,Attacking Midfield,AM,36.85,36.85,36950.0,59059.0,01:00:15,,False,0,0,0,0,False,2000-12-19,male
1886347,800320,1216248,801883,1805,Newcastle United Jets FC,29,J. Vidic,Justin,Vidic,Midfield,Left Defensive Midfield,LDM,12.13,12.13,51780.0,59059.0,01:24:58,,False,0,0,0,0,False,2004-04-29,male
1886347,43829,1507969,44955,4177,Auckland FC,25,N. Moreno,Neyder Stiven,Moreno Betancur,Wide Attacker,Right Winger,RW,27.22,27.22,42730.0,59059.0,01:09:53,,False,0,0,1,0,False,1997-02-09,male
1886347,31147,1507955,32245,4177,Auckland FC,5,T. Smith,Tommy,Smith,Central Defender,Center Back,CB,11.75,11.75,52010.0,59059.0,01:25:21,,False,0,0,0,0,False,1990-03-31,male
1886347,163972,1507964,165527,4177,Auckland FC,9,M. Mata,Max,Mata,Center Forward,Center Forward,CF,20.48,20.48,46770.0,59059.0,01:16:37,,False,0,0,0,0,False,2000-07-10,male
1886347,133501,1507961,135056,4177,Auckland FC,27,L. Rogerson,Logan,Rogerson,Wide Attacker,Right Winger,RW,71.18,71.18,10.0,42729.0,00:00:00,01:09:53,True,1,0,0,0,False,1998-05-28,male
1886347,23418,1507957,24342,4177,Auckland FC,28,F. Gallegos,Luis Felipe,Gallegos Leiva,Midfield,Attacking Midfield,AM,98.4,98.4,10.0,59059.0,00:00:00,,True,0,0,0,0,False,1991-12-03,male
1886347,795507,1204872,797070,1805,Newcastle United Jets FC,37,L. Bayliss,Lachlan,Bayliss,Midfield,Attacking Midfield,AM,61.55,61.55,10.0,36949.0,00:00:00,01:00:15,True,0,0,0,0,False,2002-07-24,male
1886347,795505,1508540,797068,1805,Newcastle United Jets FC,7,E. Adams,Eli,Adams,Wide Attacker,Right Winger,RW,86.26,86.26,10.0,51779.0,00:00:00,01:24:58,True,0,0,0,0,False,2002-03-12,male
1886347,966120,1508542,967683,1805,Newcastle United Jets FC,22,B. Gibson,Benjamin,Gibson,Center Forward,Center Forward,CF,69.02,69.02,10.0,41429.0,00:00:00,01:07:43,True,0,0,0,0,False,2003-01-03,male
1886347,23928,1507960,24886,4177,Auckland FC,3,S. Galloway,Scott,Galloway,Other,Substitute,SUB,0.0,0.0,,,,,False,0,0,0,0,False,1995-04-25,male
1886347,14355,1507962,14552,4177,Auckland FC,1,M. Woud,Michael,Woud,Other,Substitute,SUB,0.0,0.0,,,,,False,0,0,0,0,False,1999-01-16,male
1886347,965684,1507973,967247,4177,Auckland FC,8,L. Toomey,Luis,Toomey,Other,Substitute,SUB,0.0,0.0,,,,,False,0,0,0,0,False,2001-07-01,male
1886347,133495,1507959,135050,4177,Auckland FC,7,C. Howieson,Cameron Drew,Howieson,Other,Substitute,SUB,0.0,0.0,,,,,False,0,0,0,0,False,1994-12-22,male
1886347,285188,1507970,286745,4177,Auckland FC,12,A. Paulsen,Alex Noah,Paulsen,Other,Goalkeeper,GK,98.4,98.4,10.0,59059.0,00:00:00,,True,0,0,0,0,False,2002-07-04,male
